,user_input,retrieved_contexts,response,reference,faithfulness,answer_relevancy,context_precision,context_recall
0,How did Alexander Graham Bell come up with the idea for the telephone?,"Alexander Graham Bell apparently did in inventing the telephone: 
'It struck me thatthe bones of the human ear were very massive, 
indeed, as compared with the delicate thin membrane that 
operated them, and the thought occurred that ifa membrane so 
delicate could move bones relatively so massive, why should not a 
thicker and stouter piece of membrane move my piece of steel.' 
Clearly, we touch the tip of a very big iceberg here. No one knows what 
makes an apt analogy occur to one person and not to another. Certainly 
having total knowledge of the problem situation helps, as does spelling 
out and re-examining all your assumptions about it. What we do know 
from those who have written about the process, however, is that their 
insight when arrived at is always a visual image. 
2 Devising experiments. Once the hypothesis is formulated, the next 
step is to use it to suggest experiments that will confirm or deny it.,Alexander Graham Bell apparently did in inventing the telephone: 
'It struck me thatthe bones of the human ear were very massive, 
indeed, as compared with the delicate thin membrane that 
operated them, and the thought occurred that ifa membrane so 
delicate could move bones relatively so massive, why should not a 
thicker and stouter piece of membrane move my piece of steel.' 
Clearly, we touch the tip of a very big iceberg here. No one knows what 
makes an apt analogy occur to one person and not to another. Certainly 
having total knowledge of the problem situation helps, as does spelling 
out and re-examining all your assumptions about it. What we do know 
from those who have written about the process, however, is that their 
insight when arrived at is always a visual image. 
2 Devising experiments. Once the hypothesis is formulated, the next 
step is to use it to suggest experiments that will confirm or deny it.,Alexander Graham Bell apparently did in inventing the telephone: 
'It struck me thatthe bones of the human ear were very massive, 
indeed, as compared with the delicate thin membrane that 
operated them, and the thought occurred that ifa membrane so 
delicate could move bones relatively so massive, why should not a 
thicker and stouter piece of membrane move my piece of steel.' 
Clearly, we touch the tip of a very big iceberg here. No one knows what 
makes an apt analogy occur to one person and not to another. Certainly 
having total knowledge of the problem situation helps, as does spelling 
out and re-examining all your assumptions about it. What we do know 
from those who have written about the process, however, is that their 
insight when arrived at is always a visual image. 
2 Devising experiments. Once the hypothesis is formulated, the next 
step is to use it to suggest experiments that will confirm or deny it.,Alexander Graham Bell apparently did in inventing the telephone: 
'It struck me thatthe bones of the human ear were very massive, 
indeed, as compared with the delicate thin membrane that 
operated them, and the thought occurred that ifa membrane so 
delicate could move bones relatively so massive, why should not a 
thicker and stouter piece of membrane move my piece of steel.' 
Clearly, we touch the tip of a very big iceberg here. No one knows what 
makes an apt analogy occur to one person and not to another. Certainly 
having total knowledge of the problem situation helps, as does spelling 
out and re-examining all your assumptions about it. What we do know 
from those who have written about the process, however, is that their 
insight when arrived at is always a visual image. 
2 Devising experiments. Once the hypothesis is formulated, the next 
step is to use it to suggest experiments that will confirm or deny it.","Alexander Graham Bell came up with the idea for the telephone by drawing an analogy from the human ear. He observed that the bones of the human ear were quite massive compared to the delicate thin membrane that operated them. This led him to think that if such a delicate membrane could move relatively massive bones, then a thicker and stouter piece of membrane might be able to move a piece of steel. This insight, which was a visual image, helped him formulate the hypothesis that eventually led to the invention of the telephone. The process involved re-examining assumptions and devising experiments to confirm or deny the hypothesis (as mentioned in the context provided).","Alexander Graham Bell apparently invented the telephone by envisioning analogies between the problem of communicating over long distances without shouting and what he knew of the world, specifically noting that the bones of the human ear were very massive compared to the delicate thin membrane.",0.5714285714285714,1,0.999999999975,1
1,"How can risk exploration help in preventing an economic catastrophe, considering the need for analysis and verification?","need analysis and verification before you make a final recommendation. 
With the numerical consequences clear, you next want to explore the 
risks involved in achieving them. Risks in this context would generally be of 
three kinds: you will have made a mistake in your assumptions, you might 
not achieve your objective, or you may inspire retaliation of some kind. 
Should it look as though the choice is very risky for any one of these rea­
sons, you would want to stop considering it as an alternative. 
What this section has been saying is that before you can legitimately 
advise someone on how to change an undesirable result, you must have 
defined clearly five things: (1) the gap between where he is and where he 
wants to be, (2) the structure of the situation that gave rise to the gap, (3) 
the structure of its underlying processes, (4) the alternative ways the struc­
ture could be changed, and (5) the changes required to accommodate the 
alternative you choose.,need analysis and verification before you make a final recommendation. 
With the numerical consequences clear, you next want to explore the 
risks involved in achieving them. Risks in this context would generally be of 
three kinds: you will have made a mistake in your assumptions, you might 
not achieve your objective, or you may inspire retaliation of some kind. 
Should it look as though the choice is very risky for any one of these rea­
sons, you would want to stop considering it as an alternative. 
What this section has been saying is that before you can legitimately 
advise someone on how to change an undesirable result, you must have 
defined clearly five things: (1) the gap between where he is and where he 
wants to be, (2) the structure of the situation that gave rise to the gap, (3) 
the structure of its underlying processes, (4) the alternative ways the struc­
ture could be changed, and (5) the changes required to accommodate the 
alternative you choose.,need analysis and verification before you make a final recommendation. 
With the numerical consequences clear, you next want to explore the 
risks involved in achieving them. Risks in this context would generally be of 
three kinds: you will have made a mistake in your assumptions, you might 
not achieve your objective, or you may inspire retaliation of some kind. 
Should it look as though the choice is very risky for any one of these rea­
sons, you would want to stop considering it as an alternative. 
What this section has been saying is that before you can legitimately 
advise someone on how to change an undesirable result, you must have 
defined clearly five things: (1) the gap between where he is and where he 
wants to be, (2) the structure of the situation that gave rise to the gap, (3) 
the structure of its underlying processes, (4) the alternative ways the struc­
ture could be changed, and (5) the changes required to accommodate the 
alternative you choose.,need analysis and verification before you make a final recommendation. 
With the numerical consequences clear, you next want to explore the 
risks involved in achieving them. Risks in this context would generally be of 
three kinds: you will have made a mistake in your assumptions, you might 
not achieve your objective, or you may inspire retaliation of some kind. 
Should it look as though the choice is very risky for any one of these rea­
sons, you would want to stop considering it as an alternative. 
What this section has been saying is that before you can legitimately 
advise someone on how to change an undesirable result, you must have 
defined clearly five things: (1) the gap between where he is and where he 
wants to be, (2) the structure of the situation that gave rise to the gap, (3) 
the structure of its underlying processes, (4) the alternative ways the struc­
ture could be changed, and (5) the changes required to accommodate the 
alternative you choose.","Based on the provided manual, risk exploration can play a crucial role in preventing an economic catastrophe by ensuring that all potential risks are thoroughly analyzed and verified before making any final recommendations. Here’s a step-by-step explanation:

1. **Numerical Consequences**: First, you need to have a clear understanding of the numerical consequences of any decision. This involves quantifying the potential outcomes and understanding their impact.

2. **Risk Identification**: Once the numerical consequences are clear, the next step is to explore the risks involved in achieving these outcomes. The manual identifies three main types of risks:
   - Mistakes in assumptions.
   - Failure to achieve the objective.
   - Potential retaliation or negative responses.

3. **Risk Evaluation**: Evaluate whether the choice is very risky for any of the reasons mentioned. If it appears too risky, it should not be considered as a viable alternative.

4. **Defining Key Elements**: Before advising on how to change an undesirable result, you must clearly define five key elements:
   - The gap between the current state and the desired state.
   - The structure of the situation that led to this gap.
   - The underlying processes of this structure.
   - Alternative ways the structure could be changed.
   - The changes required to accommodate the chosen alternative.

By following these steps, you can ensure that all potential risks are considered and mitigated, thereby reducing the likelihood of an economic catastrophe. This process of analysis and verification helps in making informed decisions that are less likely to result in negative outcomes.","Risk exploration can help in preventing an economic catastrophe by thoroughly analyzing and verifying the assumptions and objectives involved in a situation. This involves identifying potential mistakes in assumptions, the possibility of not achieving objectives, and the risk of inspiring retaliation. By clearly defining the gap between the current state and the desired outcome, understanding the structure of the situation and its underlying processes, and evaluating alternative strategies, one can make informed decisions to mitigate risks and avoid undesirable economic outcomes.",0.631578947368421,0.9412315606215715,0.999999999975,1
2,How does the Pyramid Principle relate to generating hypotheses in problem-solving?,"70 
THE PYRAMID PRINCIPLE 
1 Generating hypotheses. The hypotheses are drawn out of the air, 
but are directly suggested by examining the structural elements of 
the situation that produced the problem. For example, if your 
problem is that you want to find a way to permit people to 
communicate over long distances without shouting, then you will be 
thinking specifically about ways to magnify the voice or amplify the 
ear, and your hypotheses will reflect the possibilities you envision. 
Exactly how you go about envisioning productive possibilities is, unfortu­
nately, not something one can spell out in a recipe. It frequently requires a 
kind of genius that permits you to see analogies between what you know 
of the problem and what you know of the world. And indeed this is what 
Alexander Graham Bell apparently did in inventing the telephone: 
'It struck me thatthe bones of the human ear were very massive, 
indeed, as compared with the delicate thin membrane that,70 
THE PYRAMID PRINCIPLE 
1 Generating hypotheses. The hypotheses are drawn out of the air, 
but are directly suggested by examining the structural elements of 
the situation that produced the problem. For example, if your 
problem is that you want to find a way to permit people to 
communicate over long distances without shouting, then you will be 
thinking specifically about ways to magnify the voice or amplify the 
ear, and your hypotheses will reflect the possibilities you envision. 
Exactly how you go about envisioning productive possibilities is, unfortu­
nately, not something one can spell out in a recipe. It frequently requires a 
kind of genius that permits you to see analogies between what you know 
of the problem and what you know of the world. And indeed this is what 
Alexander Graham Bell apparently did in inventing the telephone: 
'It struck me thatthe bones of the human ear were very massive, 
indeed, as compared with the delicate thin membrane that,70 
THE PYRAMID PRINCIPLE 
1 Generating hypotheses. The hypotheses are drawn out of the air, 
but are directly suggested by examining the structural elements of 
the situation that produced the problem. For example, if your 
problem is that you want to find a way to permit people to 
communicate over long distances without shouting, then you will be 
thinking specifically about ways to magnify the voice or amplify the 
ear, and your hypotheses will reflect the possibilities you envision. 
Exactly how you go about envisioning productive possibilities is, unfortu­
nately, not something one can spell out in a recipe. It frequently requires a 
kind of genius that permits you to see analogies between what you know 
of the problem and what you know of the world. And indeed this is what 
Alexander Graham Bell apparently did in inventing the telephone: 
'It struck me thatthe bones of the human ear were very massive, 
indeed, as compared with the delicate thin membrane that,70 
THE PYRAMID PRINCIPLE 
1 Generating hypotheses. The hypotheses are drawn out of the air, 
but are directly suggested by examining the structural elements of 
the situation that produced the problem. For example, if your 
problem is that you want to find a way to permit people to 
communicate over long distances without shouting, then you will be 
thinking specifically about ways to magnify the voice or amplify the 
ear, and your hypotheses will reflect the possibilities you envision. 
Exactly how you go about envisioning productive possibilities is, unfortu­
nately, not something one can spell out in a recipe. It frequently requires a 
kind of genius that permits you to see analogies between what you know 
of the problem and what you know of the world. And indeed this is what 
Alexander Graham Bell apparently did in inventing the telephone: 
'It struck me thatthe bones of the human ear were very massive, 
indeed, as compared with the delicate thin membrane that","The Pyramid Principle relates to generating hypotheses in problem-solving by suggesting that hypotheses are derived from examining the structural elements of the situation that produced the problem. This involves thinking specifically about potential solutions that address the core issue. For instance, if the problem is about enabling long-distance communication without shouting, one would consider ways to magnify the voice or amplify the ear. The hypotheses you generate will reflect these envisioned possibilities.

The process of generating productive hypotheses often requires a kind of creative thinking or genius that allows you to draw analogies between what you know about the problem and your broader knowledge of the world. This is exemplified by Alexander Graham Bell's invention of the telephone, where he drew an analogy between the human ear's structure and the need to transmit sound over distances (Page 70).","The Pyramid Principle relates to generating hypotheses in problem-solving by examining the structural elements of a situation to draw out hypotheses. This approach involves envisioning productive possibilities by understanding the problem's structure, as illustrated by the example of Alexander Graham Bell, who saw analogies between the problem of long-distance communication and the structure of the human ear, leading to the invention of the telephone.",1,0.9438915967325963,0.999999999975,1
